nombre;tipo;detalle_tipo_rotacion;tema;fecha_edicion;fecha_inicio;fecha_fin;anio;mes;dia_inicio;dia_fin;fecha_texto;sitioWeb;categoria;frecuencia;agrupacion;provincia;entidadOrganizadora;sedeRaw;localidad;sedeOriginalLLM;sedeRaw_corregida;sedeMatchScore;sedeRequiereRevision;entidadOriginalLLM;matchScore;requiereRevision
"Marcelo Morales: ""La educación social es válida y necesaria en nuestra sociedad""";Conferencia;Local;Educación;2025-05-28;2025-05-28;2025-05-28;2025;mayo;28;28;28 de mayo de 2025;https://educacion.uncuyo.edu.ar/marcelo-morales-la-educacion-social-es-valida-y-necesaria-en-nuestra-sociedad;Académico;Anual;CONGRESOS Y CONVENCIONES;Mendoza;Universidad Nacional de Cuyo (UNCuyo);Sede Centro de la Facultad de Educación;Desconocido;Facultad de Educación.;Universidad Nacional de Cuyo (UNCUYO) - Facultad de Educación Elemental y Especial;90.0;No;Universidad Nacional de Cuyo (UNCuyo);100.0;No
Conferencia sobre Mama Antula en la Biblioteca San Martín;Conferencia;Local;Religión;2025-05-27;2025-05-28;2025-05-28;2025;mayo;28;28;miércoles 28;https://www.mendoza.gov.ar/prensa/se-realizara-una-conferencia-sobre-mama-antula-en-la-biblioteca-san-martin/;Académico;Anual;CONGRESOS Y CONVENCIONES;Mendoza;NO_MATCH;Biblioteca San Martín, Remedios Escalada de San Martín 1843, Ciudad de Mendoza;Desconocido;Biblioteca San Martín;NO_MATCH;86.0;Sí;El equipo Silencio Fértil.;86.0;Sí
Proyecto de Ley de Financiamiento de la Educación Universitaria;Conferencia;Nacional;Educación;2025-05-28;;;;;;;28 de mayo de 2025;https://www.uncuyo.edu.ar/prensa/esta-ley-plantea-una-metodologia-que-asegure-el-financiamiento-sin-generar-deficit;Académico;Anual;CONGRESOS Y CONVENCIONES;Mendoza;Universidad Nacional de Cuyo (UNCuyo);;MENDOZA;UNCUYO;Universidad Nacional de Cuyo (UNCUYO);90.0;No;Universidad Nacional de Cuyo (UNCUYO);100.0;No
;Otro tipo de evento;NS/NC;Gobierno/Sindical;2025-05-21;;;;;;;;https://www.elsol.com.ar/mendoza/piden-investigar-la-compra-millonaria-de-alimentos-para-las-carceles-de-mendoza/;Gubernamental;Anual;FUERA DEL ALCANCE DEL OETR;Mendoza;NO_MATCH;;MENDOZA;Mendoza;Universidad de Mendoza (UM);90.0;No;Diario El Sol Mendoza;86.0;Sí
Conferencia sobre Mama Antula en la Biblioteca San Martín;Conferencia;Nacional - Regional (Cuyo);Religión;2025-05-27;2025-05-28;2025-05-28;2025;mayo;28;28;miércoles 28, a las 16;https://www.mendoza.gov.ar/prensa/se-realizara-una-conferencia-sobre-mama-antula-en-la-biblioteca-san-martin/;Académico;Anual;CONGRESOS Y CONVENCIONES;Mendoza;NO_MATCH;Biblioteca San Martín, Remedios Escalada de San Martín 1843 de la Ciudad de Mendoza;Desconocido;Biblioteca San Martín;NO_MATCH;86.0;Sí;Equipo Silencio Fértil;86.0;Sí
El Equilibrista;Evento Cultural;Nacional;Entretenimiento;2025-05-21;2025-06-01;2025-06-01;2025;junio;1;1;El próximo domingo 1 de junio a las 20:00 horas;https://www.tunuyan.gov.ar/site/mauricio-dayub-celebra-en-tunuyan-la-funcion-800-de-el-equilibrista-el-mundo-es-de-quienes-se-animan-a-perder-el-equilibrio/;Gubernamental;Anual;FUERA DEL ALCANCE DEL OETR;Mendoza;Municipalidad de Tunuyán;Auditorio Municipal “Dr. Jorge Raúl Silvano”;Desconocido;Auditorio Municipal “Dr. Jorge Raúl Silvano”;NO_MATCH;86.0;Sí;Municipalidad de Tunuyán;100.0;No
"""De tus luces y sombras"": Héctor Diéguez expone sus obras en Salas de Arte Libertad";Exposición;Local;Arte y diseño;2025-05-30;2025-06-06;2025-06-25;2025;junio;6;25;6 de junio - 25 de junio;https://www.guaymallen.gob.ar/de-tus-luces-y-sombras-hector-dieguez-expone-sus-obras-en-salas-de-arte-libertad/;Gubernamental;Anual;FERIAS Y EXPOSICIONES;Mendoza;RED ARGENTINA DE MUNICIPIOS FRENTE AL CAMBIO CLIMÁTICO;Salas de Arte Libertad, Libertad 466, Villa Nueva;Desconocido;Salas de Arte Libertad - Guaymallén;NO_MATCH;86.0;Sí;MUNICIPIO;90.0;No
Participación del Mgtr. José Álvaro Duarte como docente invitado en el marco de la Licenciatura en Criminalística 30 Mayo 2025;Jornada;NS/NC;Derecho;2025-05-30;2025-05-23;2025-05-23;2025;mayo;23;23;23 de mayo;https://www.uda.edu.ar/index.php/noticias-psi/1710-participacion-del-dr-jose-alvaro-duarte-como-docente-invitado-en-el-marco-de-la-lic-en-criminalistica;Académico;Anual;CONGRESOS Y CONVENCIONES;Mendoza;Universidad del Aconcagua;Facultad de Psicología, Universidad del Aconcagua;Desconocido;Teatro;Teatro Independencia;90.0;No;Universidad del Aconcagua;100.0;No
Mauricio Macri destacó el modelo de gestión de Luján de Cuyo como uno de los mejores del país;Conferencia;Local;Gobierno/Sindical;2025-05-15;2025-05-15;2025-05-15;2025;May;15;15;15 May 2025;https://lujandecuyo.gob.ar/2025/05/15/mauricio-macri-destaco-el-modelo-de-gestion-de-lujan-de-cuyo-como-uno-de-los-mejores-del-pais-2/;Gubernamental;Anual;CONGRESOS Y CONVENCIONES;Mendoza;NO_MATCH;Centro de Atención Unificada (CAU);Desconocido;No hay información sobre un evento en la página proporcionada. La página parece ser una página oficial de la ciudad de Luján de Cuyo, donde se presentan información sobre la gestión y servicios ofertados por la municipalidad.;NO_MATCH;86.0;Sí;Honorable Concejo Deliberante;55.0;Sí
TODO LO QUE PUEDE UN CUERPO;Exposición;Único;Arte y diseño;2025-05-16;2025-05-16;2025-05-16;2025;mayo;16;16;16 de mayo;https://mendoza.puntoapunto.com.ar/barbara-negroni-fotografa-rosarina-inaugura-todo-lo-que-puede-un-cuerpo-en-el-hualta-winery-hotel/;Otro tipo de evento;Anual;FERIAS Y EXPOSICIONES;Mendoza;NO_MATCH;Hualta Hotel Mendoza, Curio Collection by Hilton https://maps.app.goo.gl/CwnJwk1n6uGPBmLr6;Desconocido;Hualta Winery Hotel;NO_MATCH;86.0;Sí;Hualta Winery Hotel.;86.0;Sí
Día de la Ingeniería: el CoRSEOC expone sobre actualizaciones del Reglamento INPRES-CIRSOC 103;Exposición;Provincial;Seguridad;2025-05-29;2025-06-06;2025-06-06;2025;junio;6;6;6 de junio a las 19:15 h;https://www.copigmza.org.ar/dia-de-la-ingenieria-el-corseoc-expone-sobre-actualizaciones-del-reglamento-inpres-cirsoc-103/;Gubernamental;Anual;FERIAS Y EXPOSICIONES;Mendoza;NO_MATCH;Auditorio del Consejo Profesional de Ingenieros y Geólogos de Mendoza (CoPIG);Desconocido;Auditorio del Consejo Profesional de Ingenieros y Geólogos de Mendoza (CoPIG);Consejo Profesional de Ingenieros y Geólogos de Mendoza;95.0;No;Consejo Profesional de Ingenieros y Geólogos de Mendoza (CoPIG);86.0;Sí
Qué hacen las empresas para mitigar el consumo de agua y energía que gasta la IA;Otro tipo de evento;NS/NC;Tecnología;2025-05-20;;;2025;MAYO;20;20;20 DE MAYO DE 2025;https://www.unidiversidad.com.ar/que-hacen-las-empresas-para-mitigar-el-consumo-de-agua-y-energia-que-gasta-la-ia;Académico;Anual;FUERA DEL ALCANCE DEL OETR;Mendoza;Universidad Nacional de Cuyo (UNCuyo);;MENDOZA;UNCUYO (University Nacional de Cuyo).;NO_MATCH;88.0;Sí;Universidad Nacional de Cuyo (UNCUYO);100.0;No
Centro Cultural Coreano;Evento Cultural;Nacional - Regional (Cuyo);Cultura;2025-05-24;2025-05-24;2025-05-31;2025;mayo;24;31;Del 24 al 31 de mayo;https://www.godoycruz.gob.ar/centro-cultural-coreano-llega-mendoza-sumergirse-la-cultura-asiatica/;Gubernamental;Anual;FUERA DEL ALCANCE DEL OETR;Mendoza;NO_MATCH;Centro Patrimonial y Artístico Cristoforo Colombo (Tomba 246) y B+M (Tomba 56);Desconocido;"Centro Patrimonial y Artístico Cristoforo Colombo (Tomba 246), 
Biblioteca Manuel Belgrano (Tomba 56), 
Biblioteca Manuel Belgrano (referencia de: la B+M (Tomba 56)), 
calle A. Tomba 246";Centro Patrimonial y Artístico Cristoforo Colombo;90.0;No;Centro Cultural Coreano;86.0;Sí
Originales: Exposición colectiva;Exposición;Local;Arquitectura;2025-05-16;2025-05-16;2025-05-16;2025;mayo;16;16;16 de mayo;https://um.edu.ar/noticias/originales-exposicion-colectiva-en-el-museo-municipal-de-arte-moderno-de-mendoza/;Académico;Anual;FERIAS Y EXPOSICIONES;Mendoza;Universidad de Mendoza;Museo Municipal de Arte Moderno de Mendoza;MENDOZA;Museo Municipal de Arte Moderno de Mendoza - Universidad de Mendoza;NO_MATCH;88.0;Sí;Universidad de Mendoza;100.0;No
Acto de apertura del ciclo lectivo 2025 de la Escuela de Gobierno Municipal (EGM) de Luján de Cuyo;Conferencia;Local;Gobierno/Sindical;2025-05-15;2025-05-15;2025-05-15;2025;mayo;15;15;15 May 2025;https://lujandecuyo.gob.ar/2025/05/15/mauricio-macri-destaco-el-modelo-de-gestion-de-lujan-de-cuyo-como-uno-de-los-mejores-del-pais-2/;Gubernamental;Anual;CONGRESOS Y CONVENCIONES;Mendoza;NO_MATCH;Centro de Atención Unificada (CAU), ubicado en el Parque Cívico Municipal;Desconocido;Luján;Polideportivo Luján de Cuyo;90.0;No;Municipio de Luján de Cuyo;89.0;Sí
Asamblea Anual de Socios de Bodegas de Argentina (BdA);Asamblea;Nacional;Management y negocios;2024-04-30;2024-04-30;2024-04-30;2024;abril;30;30;El 30 de abril pasado;https://mendoza.puntoapunto.com.ar/walter-bressia-fue-reelecto-como-presidente-de-bodegas-de-argentina/;Corporativo;Anual;CONGRESOS Y CONVENCIONES;Mendoza;NO_MATCH;Bodega Los Toneles, Guaymallén;Desconocido;Bodega Los Toneles.;Bodega Los Toneles;100.0;No;Bodegas de Argentina;86.0;Sí
Día de la Ingeniería: el CoRSEOC expone sobre actualizaciones del Reglamento INPRES-CIRSOC 103;Exposición;Provincial;Seguridad;2025-05-29;2025-06-06;2025-06-06;2025;junio;6;6;el próximo viernes 6 de junio a las 19:15 h;https://www.copigmza.org.ar/dia-de-la-ingenieria-el-corseoc-expone-sobre-actualizaciones-del-reglamento-inpres-cirsoc-103/;Gubernamental;Anual;FERIAS Y EXPOSICIONES;Mendoza;NO_MATCH;Auditorio del Consejo Profesional de Ingenieros y Geólogos de Mendoza (CoPIG);Desconocido;Auditorio del Consejo Profesional de Ingenieros y Geólogos de Mendoza (CoPIG);Consejo Profesional de Ingenieros y Geólogos de Mendoza;95.0;No;Consejo Profesional de Ingenieros y Geólogos de Mendoza (CoPIG);86.0;Sí
FIESTA DEL PUESTERO SUREÑO EN EL SOSNEADO;Evento Cultural;Local;Agricultura y ganadería;2025-05-16;2025-05-15;2025-05-16;2025;May;15;16;fin de semana;https://www.sanrafael.gov.ar/ya-se-vive-la-xxix-edicion-de-la-fiesta-del-puestero-sureno-en-el-sosneado/;Gubernamental;Anual;FUERA DEL ALCANCE DEL OETR;Mendoza;Municipalidad de San rafael;El Sosneado;Desconocido;El Sosneado;NO_MATCH;86.0;Sí;Municipalidad de San Rafael;100.0;No
Se inauguró la muestra por el 167º Aniversario de Guaymallén en el Espacio Le Parc;Exposición;Local;Arte y diseño;2025-05-06;2025-05-06;2025-05-22;2025;mayo;6;22;6 mayo, 2025 a 22 de mayo de 2025;https://www.guaymallen.gob.ar/se-inauguro-la-muestra-por-el-167o-aniversario-de-guaymallen-en-el-espacio-le-parc/;Gubernamental;Anual;FERIAS Y EXPOSICIONES;Mendoza;RED ARGENTINA DE MUNICIPIOS FRENTE AL CAMBIO CLIMÁTICO;Espacio Cultural Julio Le Parc;GUAYMALLEN;Espacio Le Parc - Guaymallén;NO_MATCH;86.0;Sí;MUNICIPIO;90.0;No
Destacados artistas visuales se unen en una muestra por el 167º Aniversario de Guaymallén;Exposición;Nacional - Regional (Cuyo);Arte y diseño;2025-04-30;2025-05-05;2025-05-22;2025;mayo;5;22;del 5 al 22 de mayo de 2025;https://www.guaymallen.gob.ar/destacados-artistas-visuales-se-unen-en-una-muestra-por-el-167o-aniversario-de-guaymallen/;Gubernamental;Anual;FERIAS Y EXPOSICIONES;Mendoza;NO_MATCH;Espacio Cultural Julio Le Parc, Mitre y Godoy de San José;GUAYMALLEN;No hay información específica sobre una sede o locación principal en la página que has proporcionado.;NO_MATCH;86.0;Sí;Municiipio;81.0;Sí
TODO LO QUE PUEDE UN CUERPO;Exposición;Único;Arte y diseño;2025-05-16;2025-05-16;2025-05-16;2025;mayo;16;16;16 de mayo;https://mendoza.puntoapunto.com.ar/barbara-negroni-fotografa-rosarina-inaugura-todo-lo-que-puede-un-cuerpo-en-el-hualta-winery-hotel/;Académico;Anual;FERIAS Y EXPOSICIONES;Mendoza;NO_MATCH;Hualta Winery Hotel, Mendoza;Desconocido;Hualta Winery Hotel;NO_MATCH;86.0;Sí;Hualta Winery Hotel;86.0;Sí
Un Boim muy Trap 5º Encuentro de Elencos Municipales;Exposición;Local;Arte y diseño;2025-05-18;2025-05-18;2025-05-18;2025;mayo;18;18;mayo 18;https://www.godoycruz.gob.ar/evento/comicruz1/;Asociativo;Anual;FERIAS Y EXPOSICIONES;Mendoza;NO_MATCH;Centro Patrimonial y Artístico Cristoforo Colombo (Tomba 246);Desconocido;Centro Patrimonial y Artístico Cristoforo Colombo;Centro Patrimonial y Artístico Cristoforo Colombo;100.0;No;Comicruz;56.0;Sí
Día Mundial del Reciclaje;Jornada;Local;Ecología y medio ambiente;2025-05-16;2025-05-12;2025-05-12;2025;mayo;12;12;Desde las 9 hasta las 14 de este viernes;https://www.godoycruz.gob.ar/se-celebro-dia-mundial-del-reciclaje-actividades-promover-la-conciencia-ambiental/;Gubernamental;Anual;CONGRESOS Y CONVENCIONES;Mendoza;Municipalidad de Godoy Cruz;Plaza departamental;TUNUYAN;El epicentro de la campaña de reciclaje fue la plaza departamental de Godoy Cruz.;NO_MATCH;86.0;Sí;Municipalidad de Godoy Cruz;100.0;No
El Centro Cultural Coreano llega a Mendoza para sumergirse en la cultura asiática;Evento Cultural;Nacional - Regional (Cuyo);Cultura;2025-05-24;2025-05-24;2025-05-31;2025;mayo;24;31;Del 24 al 31 de mayo;https://www.godoycruz.gob.ar/centro-cultural-coreano-llega-mendoza-sumergirse-la-cultura-asiatica/;Gubernamental;Anual;FUERA DEL ALCANCE DEL OETR;Mendoza;NO_MATCH;Centro Patrimonial y Artístico Cristoforo Colombo (Tomba 246) y la B+M (Tomba 56);MENDOZA;Centro Cultural Coreano.;NO_MATCH;86.0;Sí;El Centro Cultural Coreano.;86.0;Sí
Comicruz;Exposición;Local;Cultura;2025-05-12;2025-05-18;2025-05-18;2025;mayo;18;18;domingo 18 de  mayo, a las 16 horas;https://www.godoycruz.gob.ar/se-viene-comicruz-homenaje-la-historieta-argentina-3/;Asociativo;Anual;FERIAS Y EXPOSICIONES;Mendoza;Municipalidad de Godoy Cruz;Centro Cristoforo Colombo (A. Tomba 246);Desconocido;Centro Cristoforo Colombo;NO_MATCH;86.0;Sí;Municipalidad de Godoy Cruz;100.0;No
Chile celebra en Mendoza su Día de los Patrimonios culturales 2025;Evento Cultural;Provincial;Cultura;2025-05-29;2025-05-31;2025-05-31;2025;mayo;31;31;31 de mayo;https://www.mendoza.gov.ar/prensa/chile-celebra-en-mendoza-su-dia-de-los-patrimonios-culturales-2025/;Gubernamental;Anual;FUERA DEL ALCANCE DEL OETR;Mendoza;NO_MATCH;Mendoza;MENDOZA;"Plaza Chile, 
Basílica de San Francisco, 
Museo Carlos Alonso (Mansión Stoppel), 
Librería García Santos, 
Teatro Gabriela Mistral";Teatro Gabriela Mistral;90.0;No;Consulado General de Chile en Mendoza.;86.0;Sí
Participación del Mgtr. José Álvaro Duarte como docente invitado en el marco de la Licenciatura en Criminalística 30 Mayo 2025;Seminario;Local;Seguridad;2025-05-30;2025-05-23;2025-05-23;2025;mayo;23;23;el pasado 23 de mayo;https://www.uda.edu.ar/index.php/noticias-psi/1710-participacion-del-dr-jose-alvaro-duarte-como-docente-invitado-en-el-marco-de-la-lic-en-criminalistica;Académico;Anual;CONGRESOS Y CONVENCIONES;Mendoza;Universidad del Aconcagua;Facultad de Psicología de la Universidad del Aconcagua;Desconocido;Catamarca 147;NO_MATCH;60.0;Sí;Universidad del Aconcagua;100.0;No
Chile celebra en Mendoza su Día de los Patrimonios culturales 2025;Evento Cultural;Provincial;Cultura;2025-05-29;2025-05-31;2025-05-31;2025;mayo;31;31;31 de mayo;https://www.mendoza.gov.ar/prensa/chile-celebra-en-mendoza-su-dia-de-los-patrimonios-culturales-2025/;Gubernamental;Anual;FUERA DEL ALCANCE DEL OETR;Mendoza;NO_MATCH;Ciudad de Mendoza;Desconocido;"Plaza Chile
Mansión Stoppel
Basílica de San Francisco
Librería García Santos
Plaza 12 de febrero
Museo Histórico Las Bóvedas
Salón de Actos de la Municipalidad de La Paz
Centro Cultural Cristóforo Colombo
Campo Histórico El Plumerillo
Casa Moyano de Aguirre";NO_MATCH;86.0;Sí;Consulado General de Chile en Mendoza;86.0;Sí
Defensa de tesis de la Lic. Mariela Alejandra CALDERÓN;Seminario;Nacional - Regional (Cuyo);Literatura;2025-05-30;2025-05-30;2025-05-30;2025;mayo;30;30;viernes 30 de mayo de 2025 - 9.30 h;https://ffyl.uncuyo.edu.ar/defensa-de-tesis-de-la-lic-mariela-alejandra-calderon;Académico;Anual;CONGRESOS Y CONVENCIONES;Mendoza;Universidad Nacional de Cuyo;Universidad Nacional de Cuyo;MENDOZA;M5502JMA;NO_MATCH;45.0;Sí;Universidad Nacional de Cuyo;100.0;No
Defensa de tesis de la Lic. Mariela Alejandra CALDERÓN;Seminario;Local;Literatura;2025-05-30;2025-05-30;2025-05-30;2025;mayo;30;30;viernes 30 de mayo de 2025 - 9.30 h;https://ffyl.uncuyo.edu.ar/defensa-de-tesis-de-la-lic-mariela-alejandra-calderon;Académico;Anual;CONGRESOS Y CONVENCIONES;Mendoza;Universidad Nacional de Cuyo;Universidad Nacional de Cuyo;MENDOZA;M5502JMA. Mendoza, Argentina;NO_MATCH;86.0;Sí;Universidad Nacional de Cuyo;100.0;No
Arminera 2025;Feria;Nacional;Industria/Industrial;2025-05-21;;;2025;Mayo;;;;https://www.mendoza.gov.ar/prensa/mendoza-despierta-gran-interes-en-arminera-2025-y-muestra-todo-su-potencial-productivo-y-estrategico/;Gubernamental;Anual;FERIAS Y EXPOSICIONES;Mendoza;Gobierno de Mendoza;Mendoza;MENDOZA;Arminera 2025;NO_MATCH;51.0;Sí;Gobierno de Mendoza;100.0;No
Defensa de tesis de la Lic. Emilia Elisa MOLINA;Seminario;Local;Geografía;2025-06-14;2025-06-13;2025-06-13;2025;junio;13;13;viernes 13 de junio de 2025 - 10.30 h;https://ffyl.uncuyo.edu.ar/defensa-de-tesis-de-la-lic-emilia-elisa-molina;Académico;Anual;CONGRESOS Y CONVENCIONES;Mendoza;Universidad Nacional de Cuyo;Universidad Nacional de Cuyo - CONICET;MENDOZA;Centro Universitario;NO_MATCH;86.0;Sí;Universidad Nacional de Cuyo - CONICET;95.0;No
Jornada de Derecho Civil;Jornada;Provincial;Derecho;2025-05-18;2025-06-03;2025-06-03;2025;junio;3;3;martes 3 de junio;https://colabogmza.com.ar/aida-kemelmajer-de-carlucci-expondra-sobre-prevencion-del-dano/;Académico;Anual;CONGRESOS Y CONVENCIONES;Mendoza;Colegio de abogados y procuradores de Salta;Colegio de Abogados y Procuradores de la Primera Circunscripción Judicial de Mendoza;Desconocido;Colegio de Abogados y Procuradores de la Primera Circunscripción Judicial de Mendoza;NO_MATCH;86.0;Sí;Colegio de Abogados y Procuradores;95.0;No
“De tus luces y sombras”: Héctor Diéguez expone sus obras en Salas de Arte Libertad;Exposición;Local;Arte y diseño;2025-05-30;2025-06-06;2025-06-25;2025;junio;6;25;del 6 al 25 de junio;https://www.guaymallen.gob.ar/de-tus-luces-y-sombras-hector-dieguez-expone-sus-obras-en-salas-de-arte-libertad/;Gubernamental;Anual;FERIAS Y EXPOSICIONES;Mendoza;NO_MATCH;Salas de Arte Libertad;Desconocido;Salas de Arte Libertad - Guaymallén;NO_MATCH;86.0;Sí;Salas de Arte Libertad;86.0;Sí
TODO LO QUE PUEDE UN CUERPO;Exposición;Local;Arte y diseño;2025-10-07;2025-05-16;2025-05-16;2025;mayo;16;16;el próximo 16 de mayo;https://mendoza.puntoapunto.com.ar/barbara-negroni-fotografa-rosarina-inaugura-todo-lo-que-puede-un-cuerpo-en-el-hualta-winery-hotel/;Académico;Anual;FERIAS Y EXPOSICIONES;Mendoza;NO_MATCH;Hualta Winery Hotel, Mendoza – Argentina;MENDOZA;Hualta Winery Hotel;NO_MATCH;86.0;Sí;Hualta Winery Hotel;86.0;Sí
TODO LO QUE PUEDE UN CUERPO;Exposición;Local;Arte y diseño;2025-05-16;2025-05-16;2025-05-16;2025;mayo;16;16;16 de mayo;https://mendoza.puntoapunto.com.ar/barbara-negroni-fotografa-rosarina-inaugura-todo-lo-que-puede-un-cuerpo-en-el-hualta-winery-hotel/;Académico;Anual;FERIAS Y EXPOSICIONES;Mendoza;NO_MATCH;Hualta Winery Hotel, Mendoza – Argentina;Desconocido;Hualta Winery Hotel;NO_MATCH;86.0;Sí;Punto a Punto;86.0;Sí
presentación de los buzos de quinto año;Evento Cultural;Local;Educación;2025-05-06;;;2025;;;;;https://www.elsol.com.ar/mendoza/polemica-en-una-escuela-de-ciudad-por-la-presentacion-de-los-buzos-de-quinto-ano/;Académico;Anual;FUERA DEL ALCANCE DEL OETR;Mendoza;NO_MATCH;Escuela 4-128 Adolfo Pérez Esquivel;Desconocido;Escuela 4-128 Adolfo Pérez Esquivel;NO_MATCH;86.0;Sí;Escuela 4-128 Adolfo Pérez Esquivel de Capital;86.0;Sí
“De tus luces y sombras”: Héctor Diéguez expone sus obras en Salas de Arte Libertad;Exposición;Local;Arte y diseño;2025-05-30;2025-06-06;2025-06-25;2025;junio;6;25;del 6 al 25 de junio;https://www.guaymallen.gob.ar/de-tus-luces-y-sombras-hector-dieguez-expone-sus-obras-en-salas-de-arte-libertad/;Gubernamental;Anual;FERIAS Y EXPOSICIONES;Mendoza;RED ARGENTINA DE MUNICIPIOS FRENTE AL CAMBIO CLIMÁTICO;Salas de Arte Libertad, Libertad 466, Villa Nueva;Desconocido;Salas de Arte Libertad;NO_MATCH;86.0;Sí;MUNICIPIO;90.0;No
Gran Peña del 25 de Mayo;Evento Cultural;Provincial;Cultura;2025-05-25;2025-05-25;2025-05-25;2025;Mayo;25;25;25 de Mayo;https://www.mendoza.gov.ar/prensa/con-distintas-actividades-mendoza-conmemora-un-nuevo-aniversario-del-25-de-mayo/;Gubernamental;Anual;FUERA DEL ALCANCE DEL OETR;Mendoza;NO_MATCH;Le Parc, Guaymallén;Desconocido;"Guaymallén, 
Parque Cívico (Boedo 505), 
Plaza de la Villa Cabecera, 
Parque de Los Árboles, 
Plaza de Bowen, 
Club Unión Vecinal 25 de Mayo, 
Parque de la Familia, 
Fuerte San Rafael del Diamante, 
Playón deportivo (San José, Tupungato), 
Parque Social y Deportivo Villa Hipódromo,";NO_MATCH;86.0;Sí;Gobierno provincial de Mendoza;86.0;Sí
Chile celebra en Mendoza su Día de los Patrimonios culturales 2025;Evento Cultural;Provincial;Cultura;2025-05-29;2025-05-31;2025-05-31;2025;mayo;31;31;31 de mayo;https://www.mendoza.gov.ar/prensa/chile-celebra-en-mendoza-su-dia-de-los-patrimonios-culturales-2025/;Gubernamental;Anual;FUERA DEL ALCANCE DEL OETR;Mendoza;NO_MATCH;Consulado General de Chile en Mendoza;MENDOZA;Belgrano 1080, Ciudad de Mendoza.;NO_MATCH;86.0;Sí;Consulado General de Chile en Mendoza;86.0;Sí
Mi primera muestra de arte;Exposición;Local;Arte y diseño;2025-05-14;2025-07-07;2025-07-20;2025;julio;7;20;lunes 7 al domingo 20 de julio;https://nave.uncuyo.edu.ar/novedad/convocatoria-mi-primera-muestra-de-arte;Académico;Anual;FERIAS Y EXPOSICIONES;Mendoza;Universidad Nacional de Cuyo;Nave UNCUYO (Maza 250, Ciudad de Mdz.);Desconocido;El Espacio de Arte Luis Quesada de la Nave UNCUYO;Nave UNCUYO;90.0;No;Universidad Nacional de Cuyo;100.0;No
Concierto para la familia – De cómo la orquesta se transformó en sinfónica;Evento Cultural;Local;Cultura;2025-05-13;2025-05-16;2025-05-16;2025;Mayo;16;16;viernes 16;https://www.elsol.com.ar/cultura/la-orquesta-sinfonica-uncuyo-ofrecera-el-ciclo-concierto-para-la-familia/;Académico;Anual;Evento Cultural;Mendoza;Universidad Nacional de Cuyo;Nave UNCuyo;MENDOZA;Sala Roja de la Nave UNCuyo, Maza 250, Ciudad.;Nave UNCUYO;90.0;No;La Orquesta Sinfónica de la Universidad Nacional de Cuyo.;90.0;No
Conversaciones con Daniel Arroyo en la FCPyS;Encuentro;Local;Ciencias históricas y sociales;2025-05-19;2025-05-16;2025-05-16;2025;mayo;16;16;viernes 16 de mayo;https://fcp.uncuyo.edu.ar/el-politogo-daniel-arroyo-estuvo-en-la-fcpys;Académico;Anual;CONGRESOS Y CONVENCIONES;Mendoza;Facultad de Ciencias Políticas y Sociales;Facultad de Ciencias Políticas y Sociales (FCPyS);MENDOZA;Facultad de Ciencias Políticas y Sociales, Mendoza, Argentina;NO_MATCH;86.0;Sí;Facultad de Ciencias Políticas y Sociales (FCPyS);95.0;No
"Pablo Picotto llega a Mendoza con su unipersonal ""Tiempos modernos"" y brindará un exclusivo taller de comedia";Evento Cultural;Local;Entretenimiento, parques y atracciones;2025-05-09;2025-05-11;2025-05-11;2025;mayo;11;11;el domingo 11 de mayo;https://www.mendoza.gov.ar/prensa/pablo-picotto-llega-a-mendoza-con-su-unipersonal-tiempos-modernos-y-brindara-un-exclusivo-taller-de-comedia/;Asociativo;Anual;FUERA DEL ALCANCE DEL OETR;Mendoza;Gobierno de Mendoza;Teatro Independencia;MENDOZA;Teatro Independencia;Teatro Independencia;100.0;No;Prensa Gobierno de Mendoza;95.0;No
Tiempos modernos;Evento Cultural;Local;Entretenimiento;2025-05-05;2025-05-11;2025-05-12;2025;mayo;11;12;11 y 12 de mayo;https://www.mendovoz.com/eskpe/2025/5/5/pablo-picotto-llega-mendoza-con-tiempos-modernos-un-taller-exclusivo-de-comedia-155795.html;Asociativo;Anual;FUERA DEL ALCANCE DEL OETR;Mendoza;NO_MATCH;Teatro Independencia (Chile 1184);MENDOZA;Teatro Independencia.;Teatro Independencia;100.0;No;MendoVoz;72.0;Sí
Diplomatura en Pericia Caligráfica y Grafopsicológica;Otro tipo de evento;NS/NC;Derecho;2025-06-01;2025-06-01;2025-06-01;2025;Junio;1;1;Inicio: Junio;https://www.umaza.edu.ar/landings/diplomatura-en-pericia-caligrafica-y-grafopsicologica;Académico;Anual;FUERA DEL ALCANCE DEL OETR;Mendoza;universidad Maza;Sede Gran Mendoza : Av. Acceso Este, Lateral Sur 2245, Guaymallén, Mendoza;Desconocido;Universidad Maza;UNIVERSIDAD MAZA;100.0;No;Universidad Maza;100.0;No
Jornada de Conjuntos Inmobiliarios y Propiedad Horizontal;Jornada;Nacional - Regional (Cuyo);Derecho;2025-09-29;2025-06-13;2025-06-13;2025;junio;13;13;13 de junio;https://derecho.uncuyo.edu.ar/primera-jornada-nacional-de-propiedad-horizontal-y-conjuntos-inmobiliarios;Académico;Anual;CONGRESOS Y CONVENCIONES;Mendoza;NO_MATCH;el aula E de la Facultad de Derecho, UNCUYO;Desconocido;Facultad de Derecho;Universidad Nacional de Cuyo (UNCUYO) - Facultad de Derecho;90.0;No;Facultad de Derecho;86.0;Sí
Jornada de Conjuntos Inmobiliarios y Propiedad Horizontal;Jornada;Nacional - Regional (Cuyo);Derecho;2025-06-10;2025-06-13;2025-06-13;2025;junio;13;13;viernes 13 de junio;https://derecho.uncuyo.edu.ar/primera-jornada-nacional-de-propiedad-horizontal-y-conjuntos-inmobiliarios;Académico;Anual;CONGRESOS Y CONVENCIONES;Mendoza;NO_MATCH;aula E de la Facultad de Derecho, UNCUYO;Desconocido;Facultad de Derecho;Universidad Nacional de Cuyo (UNCUYO) - Facultad de Derecho;90.0;No;Dirección del Seminario en Administración de Consorcios FD UNCUYO;86.0;Sí
Conversaciones con Daniel Arroyo en la FCPyS;Encuentro;Local;Ciencias históricas y sociales;2025-05-19;2025-05-16;2025-05-16;2025;mayo;16;16;el pasado viernes 16 de mayo;https://fcp.uncuyo.edu.ar/el-politogo-daniel-arroyo-estuvo-en-la-fcpys;Académico;Anual;CONGRESOS Y CONVENCIONES;Mendoza;Facultad de Ciencias Políticas y Sociales;Facultad de Ciencias Políticas y Sociales (FCPyS);Desconocido;Facultad de Ciencias Políticas y Sociales (FCPyS) M5502JMA;NO_MATCH;86.0;Sí;Facultad de Ciencias Políticas y Sociales (FCPyS) - Universidad Nacional de Córdoba (UNCUYO);90.0;No
Diplomatura en Pericia Caligráfica y Grafopsicológica;Otro tipo de evento;NS/NC;Derecho;2025-06-01;;;2025;Junio;;;Inicio: Junio;https://www.umaza.edu.ar/landings/diplomatura-en-pericia-caligrafica-y-grafopsicologica;Académico;Anual;FUERA DEL ALCANCE DEL OETR;Mendoza;universidad Maza;Av. Acceso Este, Lateral Sur 2245, Guaymallén, Mendoza;LAS CAÑAS;"Facultad de Ciencias Sociales y Comunicación 
Av. Acceso Este, Lateral Sur 2245, Guaymallén, Mendoza 
Adolfo Calle 4136, Guaymallén, Mendoza 
Chile y Alem, Tunuyán, Mendoza 
Defensa s/n, La Colonia, Junín 
Dr. Nicolas Avellaneda 351, San Rafael, Mendoza 
Ruta Provincial 24 esquina Guarientos, Lavalle, Mendoza";NO_MATCH;86.0;Sí;Universidad Maza;100.0;No
Jornada de Conjuntos Inmobiliarios y Propiedad Horizontal Organizada por la Dirección del Seminario en Administración de Consorcios FD UNCUYO en colaboración con AIERH;Jornada;Local;Derecho;2025-06-10;2025-06-13;2025-06-13;2025;junio;13;13;viernes 13 de junio de 2025;https://derecho.uncuyo.edu.ar/primera-jornada-nacional-de-propiedad-horizontal-y-conjuntos-inmobiliarios;Académico;Anual;CONGRESOS Y CONVENCIONES;Mendoza;NO_MATCH;aula E de la Facultad de Derecho, UNCUYO;MENDOZA;Facultad de Derecho.;Universidad Nacional de Cuyo (UNCUYO) - Facultad de Derecho;90.0;No;Dirección del Seminario en Administración de Consorcios FD UNCUYO;86.0;Sí
Seminario de Posgrado | Tutela Procesal del Consumidor;Seminario;Nacional - Regional (Cuyo);Derecho;2025-05-14;2025-06-04;2025-09-03;2025;junio;4;;4 de junio. 14 de mayo de 2025, del 4 al 3 de septiembre;https://derecho.uncuyo.edu.ar/seminario-de-posgrado-tutela-procesal-del-consumidor;Académico;Anual;CONGRESOS Y CONVENCIONES;Mendoza;NO_MATCH;Inicia el 4 de junio;MENDOZA;"Universidad Nacional de Cuyo
Facultad de Derecho 
M5500JMA. Mendoza, Argentina";NO_MATCH;88.0;Sí;Secretaría de Ciencia, Técnica y Posgrado;86.0;Sí
Tiempos modernos;Evento Cultural;Provincial;Entretenimiento;2025-05-09;2025-05-11;2025-05-11;2025;mayo;11;11;domingo 11 de mayo (taller 15.30-18.30, presentación 20.30);https://www.unidiversidad.com.ar/pablo-picotto-llega-a-mendoza-con-su-unipersonal-tiempos-modernos;Gubernamental;Anual;FUERA DEL ALCANCE DEL OETR;Mendoza;Universidad Nacional de Cuyo (UNCuyo);Teatro Independencia;MENDOZA;Teatro Independencia;Teatro Independencia;100.0;No;UNCUYO;90.0;No
Conversaciones con Daniel Arroyo en la FCPyS;Encuentro;Nacional;Ciencias históricas y sociales;2025-05-19;2025-05-19;2025-05-19;2025;mayo;16;;El pasado viernes 16 de mayo;https://fcp.uncuyo.edu.ar/el-politogo-daniel-arroyo-estuvo-en-la-fcpys;Académico;Anual;CONGRESOS Y CONVENCIONES;Mendoza;Universidad Nacional de Cuyo (UNCuyo);;MENDOZA;Facultad de Ciencias Políticas y Sociales;NO_MATCH;86.0;Sí;UNIVERSIDAD NACIONAL DE CUYO (UNCUYO);100.0;No
Seminario | Niños, niñas y adolescentes en conflicto con la ley penal;Seminario;Nacional - Regional (Cuyo);Derecho;2025-05-26;2025-06-11;2025-06-18;2025;junio;11;18;Los miércoles 11 y 18 de junio de 17 a 19 hs.;https://derecho.uncuyo.edu.ar/seminario-ninos-ninas-y-adolescentes-en-conflicto-con-la-ley-penal;Académico;Anual;CONGRESOS Y CONVENCIONES;Mendoza;NO_MATCH;Modalidad sincrónica virtual;Desconocido;No hay un nombre del teatro, centro cultural, estadio o sala específico en la página.;NO_MATCH;86.0;Sí;Facultad de Derecho;86.0;Sí
Congreso Nacional de Cardiología 2025;Congreso;Nacional;Medicina;2025-05-27;2025-05-29;2025-05-31;2025;mayo;29;31;del 29 al 31 de mayo;https://www.mendoza.gov.ar/prensa/con-la-participacion-de-referentes-mundiales-de-la-especialidad-se-realizara-en-mendoza-el-congreso-nacional-de-cardiologia-2025/;Gubernamental;Anual;CONGRESOS Y CONVENCIONES;Mendoza;Gobierno de Mendoza;un importante hotel del Gran Mendoza;Desconocido;Gran Mendoza;NO_MATCH;86.0;Sí;Prensa Gobierno de Mendoza;95.0;No
Colación de Grados 2025;Congreso;Local;Medicina;2025-12-19;2025-12-19;2025-12-19;2025;diciembre;19;19;19 de diciembre de 2018;https://fcm.uncuyo.edu.ar/no-se-publica;Académico;Anual;CONGRESOS Y CONVENCIONES;Mendoza;Facultad de Ciencias Médicas;M5502JMA. Mendoza, Argentina;MENDOZA;No se encuentra información relevante sobre la sede o locación principal en el texto.;NO_MATCH;86.0;Sí;Facultad de Ciencias Médicas de la UNCUYO;95.0;No
Congreso Nacional de Cardiología;Congreso;Nacional - Regional (Cuyo);Medicina;2025-05-27;2025-05-29;2025-05-31;2025;mayo;29;31;del 29 al 31 de mayo;https://www.mendoza.gov.ar/prensa/con-la-participacion-de-referentes-mundiales-de-la-especialidad-se-realizara-en-mendoza-el-congreso-nacional-de-cardiologia-2025/;Asociativo;Anual;CONGRESOS Y CONVENCIONES;Mendoza;Gobierno de Mendoza;un importante hotel del Gran Mendoza;Desconocido;Gran Mendoza.;NO_MATCH;86.0;Sí;Prensa Gobierno de Mendoza;95.0;No
IV Jornadas de Aracnología Mendoza;Jornada;Nacional - Regional (Cuyo);Ciencias naturales y exactas;2025-05-22;2025-10-29;2025-10-31;2025;octubre;29;31;del 29 al 31 de octubre;https://fcen.uncuyo.edu.ar/iv-jornadas-de-aracnologia-mendoza-2025-un-encuentro-para-profundizar-en-el-estudio-de-los-aracnidos;Académico;Anual;CONGRESOS Y CONVENCIONES;Mendoza;Universidad Nacional de Cuyo;Padre Jorge Contreras 1300, Parque General San Martín, Mendoza;MENDOZA;Padre Jorge Contreras 1300, Parque General San Martín.;Parque General San Martín;90.0;No;Universidad Nacional de Cuyo;100.0;No
Congreso Nacional de Cardiología 2025;Congreso;Nacional - Regional (Cuyo);Medicina;2025-03-07;2025-05-29;2025-05-31;2025;mayo;29;31;del 29 al 31 de mayo;https://www.mendoza.gov.ar/prensa/con-la-participacion-de-referentes-mundiales-de-la-especialidad-se-realizara-en-mendoza-el-congreso-nacional-de-cardiologia-2025/;Gubernamental;Anual;CONGRESOS Y CONVENCIONES;Mendoza;Gobierno de Mendoza;un importante hotel del Gran Mendoza;MENDOZA;Gran Mendoza;NO_MATCH;86.0;Sí;MENDOZA GOBIERNO;95.0;No
Wine Expo;Feria;Nacional - Regional (Cuyo);Vinos y productos relacionados a la industria del vino;2025-01-01;2025-08-14;2025-08-15;2025;agosto;14;15;jueves 14 y viernes 15 de agosto;https://mendoza.puntoapunto.com.ar/wine-expo-2025-comenzo-la-preventa-de-entradas-para-la-feria-de-vinos-mas-convocante-de-mendoza/;Asociativo;Anual;FERIAS Y EXPOSICIONES;Mendoza;Wine of Mendoza;hotel Hilton Mendoza, Guaymallén;GUAYMALLEN;Hotel Hilton Mendoza;Hilton Mendoza;95.0;No;Wine of Mendoza (WOM);95.0;No
Primer Encuentro Regional de Teatro Raro;Convención;Nacional - Regional (Cuyo);Arte y diseño;2025-05-02;2025-05-02;2025-05-04;2025;mayo;2;4;del viernes al domingo;https://www.elsol.com.ar/cultura/musica-y-teatro-en-la-agenda-cultural-del-fin-de-semana/;Asociativo;Anual;CONGRESOS Y CONVENCIONES;Mendoza;NO_MATCH;Mendoza;MENDOZA;"Teatro Independencia, 
La Nave Cultural, 
el Teatro Plaza.";Nave Cultural;90.0;No;Diario El Sol Mendoza;86.0;Sí
Festival Mendoza Flamenca;Evento Cultural;Nacional - Regional (Cuyo);Danza;2025-05-03;2025-05-03;2025-05-31;2025;mayo;3;31;del 3 al 31 de mayo;https://www.elsol.com.ar/cultura/este-sabado-comienza-el-xxii-festival-mendoza-flamenca/;Cultural;Anual;FERIAS Y EXPOSICIONES;Mendoza;NO_MATCH;Centro Andaluz de Mendoza (Bandera de Los Andes 236, Guaymallén);Desconocido;Centro Andaluz;NO_MATCH;86.0;Sí;La Herrería Flamenca.;86.0;Sí
Swiftie Day;Encuentro;Nacional - Regional (Cuyo);Entretenimiento, parques y atracciones;;2025-05-03;2025-05-03;2025;mayo;3;3;Del sábado 3 de mayo, de 16 a 20;https://www.mendoza.gov.ar/prensa/este-sabado-llega-al-le-parc-el-swiftie-day/;Asociativo;Anual;CONGRESOS Y CONVENCIONES;Mendoza;Gobierno de Mendoza;Espacio Cultural Julio Le Parc (Mitre y Godoy Cruz, Guaymallén);GUAYMALLEN;Le Parc (Espacio Cultural Julio Le Parc);Espacio Cultural Julio Le Parc;95.0;No;Prensa Gobierno de Mendoza;95.0;No
Wine Expo;Feria;Nacional - Regional (Cuyo);Gastronomía;;2025-08-14;2025-08-15;2025;agosto;14;15;el jueves 14 y viernes 15 de agosto;https://mendoza.puntoapunto.com.ar/wine-expo-2025-comenzo-la-preventa-de-entradas-para-la-feria-de-vinos-mas-convocante-de-mendoza/;Asociativo;Anual;FERIAS Y EXPOSICIONES;Mendoza;Wine of Mendoza;Hotel Hilton, Guaymallén, frente al Mendoza Shopping;Desconocido;Hotel Hilton Mendoza;Hilton Mendoza;95.0;No;Wine of Mendoza (WOM);95.0;No
Comicruz;Feria;Nacional;Arte y diseño;;2025-05-18;2025-05-18;2025;mayo;18;18;mayo 18 Hora: 4:00 pm;https://www.godoycruz.gob.ar/evento/comicruz1/;Asociativo;Anual;FERIAS Y EXPOSICIONES;Mendoza;Municipalidad de Godoy Cruz;Centro Patrimonial y Artística Cristoforo Colombo (Tomba 246);Desconocido;Centro Patrimonial y Artístico Cristoforo Colombo (Tomba 246);Centro Patrimonial y Artístico Cristoforo Colombo;95.0;No;Municipalidad de Godoy Cruz;100.0;No
Día Mundial del Reciclaje;Otro tipo de evento;Local;Ecología y medio ambiente;2025-05-13;2025-05-16;2025-05-16;2025;mayo;16;16;este viernes, de 9 a 14, el 16 de mayo;https://www.godoycruz.gob.ar/las-actividades-del-municipio-dia-mundial-del-reciclaje/;Gubernamental;Anual;Otro;Mendoza;Municipalidad de Godoy Cruz;Plaza Godoy Cruz;Desconocido;Plaza Godoy Cruz;Plaza de Godoy Cruz;95.0;No;Municipalidad de Godoy Cruz;100.0;No
Comicruz;Feria;Nacional - Regional (Centro);Arte y diseño;2025-05-12;2025-05-18;2025-05-18;2025;mayo;18;18;sábado 18 de mayo;https://www.godoycruz.gob.ar/se-viene-comicruz-homenaje-la-historieta-argentina-3/;Asociativo;Anual;FERIAS Y EXPOSICIONES;Mendoza;Municipalidad de Godoy Cruz;Centro Cristoforo Colombo (A. Tomba 246);Desconocido;Centro Cristoforo Colombo;NO_MATCH;86.0;Sí;Municipalidad de Godoy Cruz;100.0;No
El 170º aniversario de Godoy Cruz;Feria;Local;Turismo y hotelería;2023-05-08;2025-05-10;2025-05-11;2025;mayo;10;11;del 10 de mayo al 11 de mayo;https://www.godoycruz.gob.ar/170o-aniversario-godoy-cruz-se-celebra-lo-grande3/;Asociativo;Anual;FERIAS Y EXPOSICIONES;Mendoza;NO_MATCH;El 170º aniversario de Godoy Cruz;GODOY CRUZ;"Espacio Arizu 
Biblioteca Municipal 
Cristoforo Colombo 
Basílica San Vicente Ferrer 
Cristoforo Colombo 
A. Tomba 54 
Biblioteca Manuel Belgrano";NO_MATCH;86.0;Sí;Gobierno de Godoy Cruz;86.0;Sí
Feria de las Mascotas;Feria;Único;Deporte y ocio;2025-05-03;2025-05-10;2025-05-10;2025;mayo;10;10;sábado 10 de mayo;https://www.mendovoz.com/las-heras/2025/5/3/las-heras-se-prepara-para-vivir-la-tercera-edicion-de-la-feria-de-las-mascotas-155660.html;Gubernamental;Anual;FERIAS Y EXPOSICIONES;Mendoza;NO_MATCH;Parque de la Familia (Boulogne Sur Mer y Almirante Brown);MENDOZA;Parque de la Familia.;Parque de la Familia;100.0;No;MendoVoz;72.0;Sí
Concierto para la familia – De cómo la orquesta se transformó en sinfónica;Evento Cultural;Local;Arte y diseño;2025-05-13;2025-05-16;2025-05-16;2025;mayo;16;;mayo 16 en la Nave UNCuyo ;https://www.elsol.com.ar/cultura/la-orquesta-sinfonica-uncuyo-ofrecera-el-ciclo-concierto-para-la-familia/;Asociativo;Anual;CONGRESOS Y CONVENCIONES;Mendoza;Universidad Nacional de Cuyo; la Nave UNCuyo;MENDOZA;La Sala Roja de la Nave UNCuyo;Nave UNCUYO;90.0;No;La Orquesta Sinfónica de la Universidad Nacional de Cuyo.;90.0;No
Pablo Picotto llega a Mendoza con su unipersonal “Tiempos modernos”;Evento Cultural;Provincial;Entretenimiento;2025-05-09;2025-05-11;2025-05-11;2025;mayo;11;11;domingo 11 de mayo;https://www.unidiversidad.com.ar/pablo-picotto-llega-a-mendoza-con-su-unipersonal-tiempos-modernos;Gubernamental;Anual;FUERA DEL ALCANCE DEL OETR;Mendoza;Universidad Nacional de Cuyo;Teatro Independencia;MENDOZA;Teatro Independencia;Teatro Independencia;100.0;No;Universidad Nacional de Cuyo.;100.0;No
Taller de comedia de Pablo Picotto;Seminario;Nacional - Regional (Cuyo);Arte y diseño;;;;2025;mayo;9;;9 de mayo, 2025;https://www.mendoza.gov.ar/prensa/pablo-picotto-llega-a-mendoza-con-su-unipersonal-tiempos-modernos-y-brindara-un-exclusivo-taller-de-comedia/;Asociativo;Anual;CONGRESOS Y CONVENCIONES;Mendoza;Gobierno de Mendoza;Teatro Independencia;MENDOZA;Mendoza.;Universidad de Mendoza (UM);90.0;No;Prensa Gobierno de Mendoza;95.0;No
Tiempos modernos;Evento Cultural;Nacional - Regional (Cuyo);Entretenimiento, parques y atracciones;2025-05-05;2025-05-11;2025-05-12;2025;mayo;11;12;12 de mayo;https://www.mendovoz.com/eskpe/2025/5/5/pablo-picotto-llega-mendoza-con-tiempos-modernos-un-taller-exclusivo-de-comedia-155795.html;Corporativo;Anual;FERIAS Y EXPOSICIONES;Mendoza;NO_MATCH;Teatro Independencia (Chile 1184);MENDOZA;Teatro Independencia.;Teatro Independencia;100.0;No;MendoVoz;72.0;Sí
Niños, niñas y adolescentes en conflicto con la ley penal;Seminario;Nacional - Regional (Cuyo);Derecho;;2025-06-11;2025-06-18;2025;junio;11;18;11 y 18 de junio de 17 a 19 hs.;https://derecho.uncuyo.edu.ar/seminario-ninos-ninas-y-adolescentes-en-conflicto-con-la-ley-penal;Académico;Anual;CONGRESOS Y CONVENCIONES;Mendoza;Universidad Nacional de Cuyo;modalidad sincrónica virtual;MENDOZA;Facultad de Derecho;Universidad Nacional de Cuyo (UNCUYO) - Facultad de Derecho;90.0;No;UNIVERSIDAD NACIONAL DE CUYO;100.0;No
Jornada de Conjuntos Inmobiliarios y Propiedad Horizontal;Jornada;Nacional - Regional (Cuyo);Derecho;2025-06-10;2025-06-13;2025-06-13;2025;junio;13;13;10 de junio de 2025;https://derecho.uncuyo.edu.ar/primera-jornada-nacional-de-propiedad-horizontal-y-conjuntos-inmobiliarios;Gubernamental;Anual;CONGRESOS Y CONVENCIONES;Mendoza;NO_MATCH;aula E de la Facultad de Derecho, UNCUYO;Desconocido;La sede principal de este evento es la Facultad de Derecho, específicamente el aula E, de la UNCUYO (Universidad Nacional de Cuyo).;NO_MATCH;86.0;Sí;La Dirección del Seminario en Administración de Consorcios FD UNCUYO;86.0;Sí
Niños, niñas y adolescentes en conflicto con la ley penal;Seminario;Local;Derecho;2025-05-26;2025-06-11;2025-06-18;2025;junio;11;18;miércoles 11 y 18 de junio de 17 a 19 hs.;https://derecho.uncuyo.edu.ar/seminario-ninos-ninas-y-adolescentes-en-conflicto-con-la-ley-penal;Gubernamental;Anual;CONGRESOS Y CONVENCIONES;Mendoza;Universidad Nacional de Cuyo;;MENDOZA;Centro Universitario M5500JMA. Mendoza, Argentina;NO_MATCH;86.0;Sí;"Universidad Nacional de Cuyo

Facultad de Derecho";90.0;No
Seminario de Posgrado;Seminario;Local;Derecho;2025-01-01;2025-06-04;2025-09-03;2025;junio;4;3;del 4 de junio a lo largo de 7 encuentros híbridos;https://derecho.uncuyo.edu.ar/seminario-de-posgrado-tutela-procesal-del-consumidor;Académico;Anual;CONGRESOS Y CONVENCIONES;Mendoza;Universidad Nacional de Cuyo;Universidad Nacional de Cuyo;MENDOZA;Facultad de Derecho;Universidad Nacional de Cuyo (UNCUYO) - Facultad de Derecho;90.0;No;"Secretaría de Ciencia, Técnica y Posgrado
Universidad Nacional de Cuyo 
posgrado1@derecho.uncu.edu.ar";90.0;No
Tiempos modernos;Evento Cultural;Nacional - Regional (Cuyo);Arte y diseño;2025-05-09;2025-05-11;2025-05-11;2025;mayo;11;11;el domingo 11 de mayo a las 20.30, y un taller-seminario intensivo de comedia de 15.30 a 18.30;https://www.unidiversidad.com.ar/pablo-picotto-llega-a-mendoza-con-su-unipersonal-tiempos-modernos;Otros;Anual;FUERA DEL ALCANCE DEL OETR;Mendoza;Universidad Nacional de Cuyo (UNCuyo);el emblemtico Teatro Independencia;MENDOZA;Teatro Independencia.;Teatro Independencia;100.0;No;UNCUYO (Universidad Nacional de Cuyo);95.0;No
Diplomatura en Pericia Caligráfica y Grafopsicológica;Seminario;Nacional;Grafología y Pericia Caligráfica;2025-06-01;2025-06-01;2025-06-30;2025;junio;Junio;Junio;Inicio: Junio;https://www.umaza.edu.ar/landings/diplomatura-en-pericia-caligrafica-y-grafopsicologica;Académico;Anual;CONGRESOS Y CONVENCIONES;Mendoza;universidad Maza;Av. Acceso Este, Lateral Sur 2245, Guaymallén, Mendoza;Desconocido;Av. Acceso Este, Lateral Sur 2245, Guaymallén, Mendoza;NO_MATCH;86.0;Sí;Universidad Maza;100.0;No
Congreso Nacional de Cardiología;Congreso;Nacional;Medicina;2025-05-27;2025-05-29;2025-05-31;2025;mayo;29;31;del 29 al 31 de mayo;https://www.mendoza.gov.ar/prensa/con-la-participacion-de-referentes-mundiales-de-la-especialidad-se-realizara-en-mendoza-el-congreso-nacional-de-cardiologia-2025/;Asociativo;Anual;CONGRESOS Y CONVENCIONES;Mendoza;NO_MATCH;un importante hotel del Gran Mendoza;Desconocido;Gran Mendoza;NO_MATCH;86.0;Sí;"El texto no menciona directamente el nombre de la entidad organizadora principal. Sin embargo, se menciona que el congreso es organizado por la ""región de Cuyo"". 

Sin embargo, se menciona el Ministerio de Salud como estando presente con un ""stand, charlas y actividades de la comunidad"" en el congreso, pero no se menciona explícitamente que sea el organizador principal.";86.0;Sí
Colación de Grados 2025;Congreso;Nacional - Regional (Cuyo);Educación;2025-12-19;2025-07-10;2025-07-12;2025;julio;10;12;del 10 al 12 de julio;https://fcm.uncuyo.edu.ar/no-se-publica;Académico;Anual;CONGRESOS Y CONVENCIONES;Mendoza;Facultad de Ciencias Médicas;Universidad Nacional de Cuyo;Desconocido;No se encuentra el nombre de la sede o locación principal en el texto proporcionado.;NO_MATCH;86.0;Sí;Facultad de Ciencias Médicas de la UNCUYO;95.0;No
Congreso Nacional de Cardiología 2025;Congreso;Nacional - Regional (Cuyo);Medicina;2025-05-27;2025-05-29;2025-05-31;2025;mayo;29;31;del 29 al 31 de mayo;https://www.mendoza.gov.ar/prensa/con-la-participacion-de-referentes-mundiales-de-la-especialidad-se-realizara-en-mendoza-el-congreso-nacional-de-cardiologia-2025/;Gubernamental;Anual;CONGRESOS Y CONVENCIONES;Mendoza;Gobierno de Mendoza;un importante hotel del Gran Mendoza;Desconocido;Gran Mendoza;NO_MATCH;86.0;Sí;Gobierno de Mendoza;100.0;No
Colación de Grados 2025;Convención;Local;Educación;2025-12-19;2025-03-30;2025-04-05;2025;marzo;30;5;del 30 de marzo al 5 de abril;https://fcm.uncuyo.edu.ar/no-se-publica;Académico;Anual;Congresos y Convenciones;Mendoza;Facultad de Ciencias Médicas;sede local;MENDOZA;Facultad de Ciencias Médicas de la UNCUYO;NO_MATCH;86.0;Sí;Facultad de Ciencias Médicas de la UNCUYO;95.0;No
IV Jornadas de Aracnología Mendoza 2025;Jornada;Nacional - Regional (Cuyo);Ciencias naturales y exactas;2025-05-22;2025-10-29;2025-10-31;2025;octubre;29;31;del 29 al 31 de octubre de 2025;https://fcen.uncuyo.edu.ar/iv-jornadas-de-aracnologia-mendoza-2025-un-encuentro-para-profundizar-en-el-estudio-de-los-aracnidos;Académico;Anual;CONGRESOS Y CONVENCIONES;Mendoza;Universidad Nacional de Cuyo;Padre Jorge Contreras 1300, Parque General San Martín, Mendoza;Desconocido;"Padre Jorge Contreras 1300

Parque General San Martín";Parque General San Martín;90.0;No;Universidad Nacional de Cuyo.;100.0;No
Congreso Nacional de Cardiología;Congreso;Nacional;Medicina;2025-10-07;2025-05-29;2025-05-31;2025;mayo;29;31;del 29 al 31 de mayo en un importante hotel del Gran Mendoza;https://www.mendoza.gov.ar/prensa/con-la-participacion-de-referentes-mundiales-de-la-especialidad-se-realizara-en-mendoza-el-congreso-nacional-de-cardiologia-2025/;Gubernamental;Anual;CONGRESOS Y CONVENCIONES;Mendoza;Gobierno de Mendoza;un importante hotel del Gran Mendoza;Desconocido;Gran Mendoza.;NO_MATCH;86.0;Sí;Gobierno de Mendoza.;100.0;No
Wine Expo;Feria;Nacional - Regional (Cuyo);Gastronomía;;2025-08-14;2025-08-15;2025;agosto;14;15;jueves 14 y viernes 15 de agosto;https://mendoza.puntoapunto.com.ar/wine-expo-2025-comenzo-la-preventa-de-entradas-para-la-feria-de-vinos-mas-convocante-de-mendoza/;Asociativo;Anual;FERIAS Y EXPOSICIONES;Mendoza;Wine of Mendoza;Hotel Hilton Mendoza;Desconocido;Hotel Hilton;NO_MATCH;86.0;Sí;"Hotel Hilton Mendoza 

y 
Wine of Mendoza (WOM)";90.0;No
Feria del Libro 2025;Feria;Local;Literatura;2025-05-09;;;2025;mayo;5;8;del 5 hasta el 8 de mayo;https://www.malargue.gov.ar/tag/feria-del-libro-2025/;Gubernamental;Anual;FERIAS Y EXPOSICIONES;Mendoza;Municipalidad de Malargüe;Polideportivo Malal-Hue;MALARGUE;Polideportivo Malal-Hue;NO_MATCH;86.0;Sí;Municipalidad de Malargüe;100.0;No
Swiftie Day;Otro tipo de evento;Local;Entretenimiento;;2025-05-03;2025-05-03;2025;mayo;3;3;3 de mayo, de 16 a 20;https://www.mendoza.gov.ar/prensa/este-sabado-llega-al-le-parc-el-swiftie-day/;Corporativo;Anual;FERIAS Y EXPOSICIONES;Mendoza;NO_MATCH;Mitre y Godoy Cruz, Guaymallén;GUAYMALLEN;El Espacio Cultural Julio Le Parc.;Espacio Cultural Julio Le Parc;95.0;No;Taylor Fest Mendoza;86.0;Sí
Wine Expo;Feria;Nacional - Regional (Cuyo);Gastronomía;2025-09-07;2025-08-14;2025-08-15;2025;agosto;14;15;El jueves 14 y viernes 15 de agosto;https://mendoza.puntoapunto.com.ar/wine-expo-2025-comenzo-la-preventa-de-entradas-para-la-feria-de-vinos-mas-convocante-de-mendoza/;Asociativo;Anual;FERIAS Y EXPOSICIONES;Mendoza;Wine of Mendoza;Hotel Hilton, en Guaymallén, frente al Mendoza Shopping;Desconocido;Hotel Hilton Mendoza;Hilton Mendoza;95.0;No;Hotel Hilton Mendoza y Wine of Mendoza.;90.0;No
Comicruz;Feria;Nacional;Arte y diseño;2024-05-18;2025-05-18;2025-05-18;2025;mayo;18;18;Del 18 de mayo;https://www.godoycruz.gob.ar/evento/comicruz1/;Asociativo;Anual;FERIAS Y EXPOSICIONES;Mendoza;Municipalidad de Godoy Cruz;Centro Patrimonial y Artístico Cristoforo Colombo (Tomba 246);Desconocido;Centro Patrimonial y Artístico Cristoforo Colombo (Tomba 246);Centro Patrimonial y Artístico Cristoforo Colombo;95.0;No;Municipalidad de Godoy Cruz;100.0;No
Día Mundial del Reciclaje;Jornada;Local;Ecología y medio ambiente;2025-05-17;2025-05-16;2025-05-16;2025;mayo;16;16;este viernes, del 16 de mayo;https://www.godoycruz.gob.ar/se-celebro-dia-mundial-del-reciclaje-actividades-promover-la-conciencia-ambiental/;Gubernamental;Anual;JORNADA (CONGRESOS Y CONVENCIONES);Mendoza;Municipalidad de Godoy Cruz;la Plaza departamental;TUNUYAN;Plaza departamental;Plaza departamental Tunuyán;95.0;No;Municipalidad;90.0;No
Día Mundial del Reciclaje;Jornada;Local;Ecología y medio ambiente;2023-05-13;2025-05-16;2025-05-16;2025;mayo;16;16;viernes 16 de mayo;https://www.godoycruz.gob.ar/las-actividades-del-municipio-dia-mundial-del-reciclaje/;Gubernamental;Anual;CONGRESOS Y CONVENCIONES;Mendoza;Municipalidad de Godoy Cruz;Plaza Godoy Cruz;Desconocido;La Plaza Godoy Cruz.;NO_MATCH;86.0;Sí;Municipalidad de Godoy Cruz;100.0;No
Se viene Comicruz;Exposición;Nacional;Arte y diseño;2025-05-12;2025-05-18;2025-05-18;2025;mayo;18;18;Tendrá lugar el domingo 18 de mayo, a las 16 horas;https://www.godoycruz.gob.ar/se-viene-comicruz-homenaje-la-historieta-argentina-3/;Asociativo;Anual;FERIAS Y EXPOSICIONES;Mendoza;Municipalidad de Godoy Cruz;Centro Cristoforo Colombo (A. Tomba 246);Desconocido;Centro Cristoforo Colombo.;NO_MATCH;86.0;Sí;Municipalidad de Godoy Cruz;100.0;No
170º aniversario de Godoy Cruz;Otro tipo de evento;Local;Fiestas y celebraciones;2025-05-08;2025-05-10;2025-05-11;2025;mayo;10;11;del 10 al 11 de mayo;https://www.godoycruz.gob.ar/170o-aniversario-godoy-cruz-se-celebra-lo-grande3/;Gubernamental;Anual;CONGRESOS Y CONVENCIONES;Mendoza;Municipalidad de Godoy Cruz;;MENDOZA;Espacio Arizu;Espacio Arizu;100.0;No;Municipalidad de Godoy Cruz;100.0;No
Feria de las Mascotas;Feria;Local;Veterinaria;2025-05-03;2025-05-10;2025-05-10;2025;mayo;10;10;el sábado 10 de mayo;https://www.mendovoz.com/las-heras/2025/5/3/las-heras-se-prepara-para-vivir-la-tercera-edicion-de-la-feria-de-las-mascotas-155660.html;Asociativo;Anual;FERIAS Y EXPOSICIONES;Mendoza;NO_MATCH;Parque de la Familia (Boulogne Sur Mer y Almirante Brown);LAS HERAS;Parque de la Familia;Parque de la Familia;100.0;No;MendoVoz;72.0;Sí
Costarelli sobre el discurso de Alfredo Cornejo;Conferencia;Local;Gobierno/Sindical;2025-05-01;2025-07-01;2025-07-12;2025;julio;10;12;del 10 al 12 de julio;https://www.godoycruz.gob.ar/costarelli-discurso-alfredo-cornejo-sin-orden-inversion-publica-seguridad-no-desarrollo-posible/;Gubernamental;Anual;Congresos Y Convenciones;Mendoza;Municipalidad de Godoy Cruz;Asamblea Legislativa;Desconocido;Godoy Cruz, Espacio Arizu;Espacio Arizu;90.0;No;Municipalidad de Godoy Cruz;100.0;No
