titulo;link
"Marcelo Morales: ""La educación social es válida y necesaria en nuestra sociedad""";https://educacion.uncuyo.edu.ar/marcelo-morales-la-educacion-social-es-valida-y-necesaria-en-nuestra-sociedad
Conferencia sobre Mama Antula en la Biblioteca San Martín;https://www.mendoza.gov.ar/prensa/se-realizara-una-conferencia-sobre-mama-antula-en-la-biblioteca-san-martin/
Derecho Penal – Colegio de Abogados y Procuradores del evento;https://colabogmza.com.ar/tag/derecho-penal/
Esta ley plantea una metodología que asegure el financiamiento ... del evento;https://www.uncuyo.edu.ar/prensa/esta-ley-plantea-una-metodologia-que-asegure-el-financiamiento-sin-generar-deficit
Aída Kemelmajer de Carlucci – Colegio de Abogados y Procuradores;https://colabogmza.com.ar/tag/aida-kemelmajer-de-carlucci/
Piden investigar la compra millonaria de alimentos para las cárceles ...;https://www.elsol.com.ar/mendoza/piden-investigar-la-compra-millonaria-de-alimentos-para-las-carceles-de-mendoza/
Fogones Culturales y Noche de las ideas, espacios de encuentro para pensar en comunidad;https://www.mendoza.gov.ar/prensa/fogones-culturales-y-noche-de-las-ideas-espacios-de-encuentro-para-pensar-en-comunidad/
Derecho Penal – Colegio de Abogados y Procuradores del evento;https://colabogmza.com.ar/tag/derecho-penal/
Derecho Penal – Colegio de Abogados y Procuradores del evento;https://colabogmza.com.ar/tag/derecho-penal/
Conferencia sobre Mama Antula en la Biblioteca San Martín;https://www.mendoza.gov.ar/prensa/se-realizara-una-conferencia-sobre-mama-antula-en-la-biblioteca-san-martin/
Mauricio Dayub celebra en Tunuyán la función 800 de El ...;https://www.tunuyan.gov.ar/site/mauricio-dayub-celebra-en-tunuyan-la-funcion-800-de-el-equilibrista-el-mundo-es-de-quienes-se-animan-a-perder-el-equilibrio/
De tus luces y sombras”: Héctor Diéguez expone sus obras en ...;https://www.guaymallen.gob.ar/de-tus-luces-y-sombras-hector-dieguez-expone-sus-obras-en-salas-de-arte-libertad/
Participación del Mgtr. José Álvaro Duarte como docente invitado en el marco de la Licenciatura en Criminalística;https://www.uda.edu.ar/index.php/noticias-psi/1710-participacion-del-dr-jose-alvaro-duarte-como-docente-invitado-en-el-marco-de-la-lic-en-criminalistica
Mauricio Macri destacó el modelo de gestión de Luján de Cuyo como uno de los mejores del país;https://lujandecuyo.gob.ar/2025/05/15/mauricio-macri-destaco-el-modelo-de-gestion-de-lujan-de-cuyo-como-uno-de-los-mejores-del-pais-2/
Bárbara Negroni, fotógrafa Rosarina, inaugura “TODO LO QUE ...;https://mendoza.puntoapunto.com.ar/barbara-negroni-fotografa-rosarina-inaugura-todo-lo-que-puede-un-cuerpo-en-el-hualta-winery-hotel/
Día de la Ingeniería: el CoRSEOC expone sobre actualizaciones del Reglamento INPRES-CIRSOC 103;https://www.copigmza.org.ar/dia-de-la-ingenieria-el-corseoc-expone-sobre-actualizaciones-del-reglamento-inpres-cirsoc-103/
Qué hacen las empresas para mitigar el consumo de agua y energía que gasta la IA;https://www.unidiversidad.com.ar/que-hacen-las-empresas-para-mitigar-el-consumo-de-agua-y-energia-que-gasta-la-ia
El Centro Cultural Coreano llega a Mendoza para sumergirse en la cultura asiática;https://www.godoycruz.gob.ar/centro-cultural-coreano-llega-mendoza-sumergirse-la-cultura-asiatica/
Aída Kemelmajer de Carlucci expondrá sobre prevención del daño;https://colabogmza.com.ar/aida-kemelmajer-de-carlucci-expondra-sobre-prevencion-del-dano/
Originales: Exposición colectiva en el Museo Municipal de Arte Moderno de Mendoza;https://um.edu.ar/noticias/originales-exposicion-colectiva-en-el-museo-municipal-de-arte-moderno-de-mendoza/
Mauricio Macri destacó el modelo de gestión de Luján de Cuyo ...;https://lujandecuyo.gob.ar/2025/05/15/mauricio-macri-destaco-el-modelo-de-gestion-de-lujan-de-cuyo-como-uno-de-los-mejores-del-pais-2/
Walter Bressia fue reelecto como presidente de Bodegas de Argentina;https://mendoza.puntoapunto.com.ar/walter-bressia-fue-reelecto-como-presidente-de-bodegas-de-argentina/
Día de la Ingeniería: el CoRSEOC expone sobre actualizaciones del Reglamento INPRES-CIRSOC 103;https://www.copigmza.org.ar/dia-de-la-ingenieria-el-corseoc-expone-sobre-actualizaciones-del-reglamento-inpres-cirsoc-103/
YA SE VIVE LA XXIX EDICIÓN DE LA FIESTA DEL PUESTERO SUREÑO EN EL SOSNEADO;https://www.sanrafael.gov.ar/ya-se-vive-la-xxix-edicion-de-la-fiesta-del-puestero-sureno-en-el-sosneado/
Se inauguró la muestra por el 167º Aniversario de Guaymallén en el Espacio Le Parc;https://www.guaymallen.gob.ar/se-inauguro-la-muestra-por-el-167o-aniversario-de-guaymallen-en-el-espacio-le-parc/
Destacados artistas visuales se unen en una muestra por el 167º ...;https://www.guaymallen.gob.ar/destacados-artistas-visuales-se-unen-en-una-muestra-por-el-167o-aniversario-de-guaymallen/
Bárbara Negroni, fotógrafa Rosarina, inaugura “TODO LO QUE ...;https://mendoza.puntoapunto.com.ar/barbara-negroni-fotografa-rosarina-inaugura-todo-lo-que-puede-un-cuerpo-en-el-hualta-winery-hotel/
Comicruz - Godoy Cruz;https://www.godoycruz.gob.ar/evento/comicruz1/
Se celebró el día mundial del reciclaje con actividades para promover la conciencia ambiental;https://www.godoycruz.gob.ar/se-celebro-dia-mundial-del-reciclaje-actividades-promover-la-conciencia-ambiental/
El Centro Cultural Coreano llega a Mendoza para sumergirse en la cultura asiática;https://www.godoycruz.gob.ar/centro-cultural-coreano-llega-mendoza-sumergirse-la-cultura-asiatica/
Se viene Comicruz: Homenaje a la Historieta Argentina - Godoy Cruz del evento;https://www.godoycruz.gob.ar/se-viene-comicruz-homenaje-la-historieta-argentina-3/
Chile celebra en Mendoza su Día de los Patrimonios culturales 2025;https://www.mendoza.gov.ar/prensa/chile-celebra-en-mendoza-su-dia-de-los-patrimonios-culturales-2025/
Participación del Mgtr. José Álvaro Duarte como docente invitado en el marco de la Licenciatura en Criminalística;https://www.uda.edu.ar/index.php/noticias-psi/1710-participacion-del-dr-jose-alvaro-duarte-como-docente-invitado-en-el-marco-de-la-lic-en-criminalistica
Chile celebra en Mendoza su Día de los Patrimonios culturales 2025;https://www.mendoza.gov.ar/prensa/chile-celebra-en-mendoza-su-dia-de-los-patrimonios-culturales-2025/
Defensa de tesis de la Lic. Mariela Alejandra CALDERÓN - Facultad ... del evento;https://ffyl.uncuyo.edu.ar/defensa-de-tesis-de-la-lic-mariela-alejandra-calderon
Defensa de tesis de la Lic. Mariela Alejandra CALDERÓN - Facultad ... del evento;https://ffyl.uncuyo.edu.ar/defensa-de-tesis-de-la-lic-mariela-alejandra-calderon
Mendoza despierta gran interés en Arminera 2025 y muestra todo su potencial productivo y estratégico;https://www.mendoza.gov.ar/prensa/mendoza-despierta-gran-interes-en-arminera-2025-y-muestra-todo-su-potencial-productivo-y-estrategico/
Defensa de tesis de la Lic. Emilia Elisa MOLINA - Facultad de ... del evento;https://ffyl.uncuyo.edu.ar/defensa-de-tesis-de-la-lic-emilia-elisa-molina
Aída Kemelmajer de Carlucci expondrá sobre prevención del daño ...;https://colabogmza.com.ar/aida-kemelmajer-de-carlucci-expondra-sobre-prevencion-del-dano/
"De tus luces y sombras"": Héctor Diéguez expone sus obras en Salas de Arte Libertad";https://www.guaymallen.gob.ar/de-tus-luces-y-sombras-hector-dieguez-expone-sus-obras-en-salas-de-arte-libertad/
Bárbara Negroni, fotógrafa Rosarina, inaugura “TODO LO QUE ...;https://mendoza.puntoapunto.com.ar/barbara-negroni-fotografa-rosarina-inaugura-todo-lo-que-puede-un-cuerpo-en-el-hualta-winery-hotel/
Bárbara Negroni, fotógrafa Rosarina, inaugura “TODO LO QUE ...;https://mendoza.puntoapunto.com.ar/barbara-negroni-fotografa-rosarina-inaugura-todo-lo-que-puede-un-cuerpo-en-el-hualta-winery-hotel/
Polémica en una escuela de Ciudad por la presentación de los buzos de quinto año;https://www.elsol.com.ar/mendoza/polemica-en-una-escuela-de-ciudad-por-la-presentacion-de-los-buzos-de-quinto-ano/
De tus luces y sombras: Héctor Diéguez expone sus obras en Salas de Arte Libertad;https://www.guaymallen.gob.ar/de-tus-luces-y-sombras-hector-dieguez-expone-sus-obras-en-salas-de-arte-libertad/
Con distintas actividades, Mendoza conmemora un nuevo aniversario del 25 de Mayo;https://www.mendoza.gov.ar/prensa/con-distintas-actividades-mendoza-conmemora-un-nuevo-aniversario-del-25-de-mayo/
Chile celebra en Mendoza su Día de los Patrimonios culturales 2025;https://www.mendoza.gov.ar/prensa/chile-celebra-en-mendoza-su-dia-de-los-patrimonios-culturales-2025/
NAVE UNCUYO Convocatoria Mi primera muestra de arte del evento;https://nave.uncuyo.edu.ar/novedad/convocatoria-mi-primera-muestra-de-arte
"La Orquesta Sinfónica UNCuyo ofrecerá el ciclo ""Concierto para la familia""";https://www.elsol.com.ar/cultura/la-orquesta-sinfonica-uncuyo-ofrecera-el-ciclo-concierto-para-la-familia/
El politólogo Daniel Arroyo estuvo en la FCPyS - Facultad de ... del evento;https://fcp.uncuyo.edu.ar/el-politogo-daniel-arroyo-estuvo-en-la-fcpys
Pablo Picotto llega a Mendoza con su unipersonal “Tiempos modernos”;https://www.unidiversidad.com.ar/pablo-picotto-llega-a-mendoza-con-su-unipersonal-tiempos-modernos
Pablo Picotto llega a Mendoza con su unipersonal “Tiempos modernos” y brindará un exclusivo taller de comedia;https://www.mendoza.gov.ar/prensa/pablo-picotto-llega-a-mendoza-con-su-unipersonal-tiempos-modernos-y-brindara-un-exclusivo-taller-de-comedia/
"Pablo Picotto llega a Mendoza con ""Tiempos modernos"" y un taller ...";https://www.mendovoz.com/eskpe/2025/5/5/pablo-picotto-llega-mendoza-con-tiempos-modernos-un-taller-exclusivo-de-comedia-155795.html
Diplomatura en Pericia Caligráfica y Grafopsicológica;https://www.umaza.edu.ar/landings/diplomatura-en-pericia-caligrafica-y-grafopsicologica
Jornada de Conjuntos Inmobiliarios y Propiedad Horizontal ...;https://derecho.uncuyo.edu.ar/primera-jornada-nacional-de-propiedad-horizontal-y-conjuntos-inmobiliarios
Jornada de Conjuntos Inmobiliarios y Propiedad Horizontal ...;https://derecho.uncuyo.edu.ar/primera-jornada-nacional-de-propiedad-horizontal-y-conjuntos-inmobiliarios
El politólogo Daniel Arroyo estuvo en la FCPyS - Facultad de ... del evento;https://fcp.uncuyo.edu.ar/el-politogo-daniel-arroyo-estuvo-en-la-fcpys
Diplomatura en Pericia Caligráfica y Grafopsicológica;https://www.umaza.edu.ar/landings/diplomatura-en-pericia-caligrafica-y-grafopsicologica
Jornada de Conjuntos Inmobiliarios y Propiedad Horizontal ...;https://derecho.uncuyo.edu.ar/primera-jornada-nacional-de-propiedad-horizontal-y-conjuntos-inmobiliarios
Jornada de Conjuntos Inmobiliarios y Propiedad Horizontal;https://derecho.uncuyo.edu.ar/primera-jornada-nacional-de-propiedad-horizontal-y-conjuntos-inmobiliarios
Seminario de Posgrado | Tutela Procesal del Consumidor - Facultad ...;https://derecho.uncuyo.edu.ar/seminario-de-posgrado-tutela-procesal-del-consumidor
Pablo Picotto llega a Mendoza con su unipersonal “Tiempos modernos”;https://www.unidiversidad.com.ar/pablo-picotto-llega-a-mendoza-con-su-unipersonal-tiempos-modernos
El politólogo Daniel Arroyo estuvo en la FCPyS - Facultad de ... del evento;https://fcp.uncuyo.edu.ar/el-politogo-daniel-arroyo-estuvo-en-la-fcpys
"Seminario | ""Niños, niñas y adolescentes en conflicto con la ley penal""";https://derecho.uncuyo.edu.ar/seminario-ninos-ninas-y-adolescentes-en-conflicto-con-la-ley-penal
Con la participación de referentes mundiales de la especialidad, se realizará en Mendoza el Congreso Nacional de Cardiología 2025;https://www.mendoza.gov.ar/prensa/con-la-participacion-de-referentes-mundiales-de-la-especialidad-se-realizara-en-mendoza-el-congreso-nacional-de-cardiologia-2025/
No se publica - Facultad de Ciencias Médicas de la UNCUYO del evento;https://fcm.uncuyo.edu.ar/no-se-publica
Con la participación de referentes mundiales de la especialidad, se ...;https://www.mendoza.gov.ar/prensa/con-la-participacion-de-referentes-mundiales-de-la-especialidad-se-realizara-en-mendoza-el-congreso-nacional-de-cardiologia-2025/
IV Jornadas de Aracnología Mendoza 2025: Un encuentro para ...;https://fcen.uncuyo.edu.ar/iv-jornadas-de-aracnologia-mendoza-2025-un-encuentro-para-profundizar-en-el-estudio-de-los-aracnidos
IV Jornadas de Aracnología Mendoza 2025: Un encuentro para profundizar en el estudio de los arácnidos;https://fcen.uncuyo.edu.ar/iv-jornadas-de-aracnologia-mendoza-2025-un-encuentro-para-profundizar-en-el-estudio-de-los-aracnidos
No se publica - Facultad de Ciencias Médicas de la UNCUYO del evento;https://fcm.uncuyo.edu.ar/no-se-publica
Con la participación de referentes mundiales de la especialidad, se realizará en Mendoza el Congreso Nacional de Cardiología 2025;https://www.mendoza.gov.ar/prensa/con-la-participacion-de-referentes-mundiales-de-la-especialidad-se-realizara-en-mendoza-el-congreso-nacional-de-cardiologia-2025/
Wine Expo 2025: Comenzó la preventa de entradas para la feria de ...;https://mendoza.puntoapunto.com.ar/wine-expo-2025-comenzo-la-preventa-de-entradas-para-la-feria-de-vinos-mas-convocante-de-mendoza/
Música y teatro en la agenda cultural del fin de semana del evento;https://www.elsol.com.ar/cultura/musica-y-teatro-en-la-agenda-cultural-del-fin-de-semana/
Música y teatro en la agenda cultural del fin de semana del evento;https://www.elsol.com.ar/cultura/musica-y-teatro-en-la-agenda-cultural-del-fin-de-semana/
Este sábado comienza el XXII Festival Mendoza Flamenca del evento;https://www.elsol.com.ar/cultura/este-sabado-comienza-el-xxii-festival-mendoza-flamenca/
Música y teatro en la agenda cultural del fin de semana del evento;https://www.elsol.com.ar/cultura/musica-y-teatro-en-la-agenda-cultural-del-fin-de-semana/
Este sábado, llega al Le Parc el “Swiftie Day”;https://www.mendoza.gov.ar/prensa/este-sabado-llega-al-le-parc-el-swiftie-day/
Wine Expo 2025: Comenzó la preventa de entradas para la feria de ...;https://mendoza.puntoapunto.com.ar/wine-expo-2025-comenzo-la-preventa-de-entradas-para-la-feria-de-vinos-mas-convocante-de-mendoza/
Se viene un Fin de Semana Patrio a pleno en Las Heras | MendoVoz;https://www.mendovoz.com/las-heras/la-comuna/2025/5/20/se-viene-un-fin-de-semana-patrio-pleno-en-las-heras-156409.html
Comicruz - Godoy Cruz;https://www.godoycruz.gob.ar/evento/comicruz1/
Se celebró el día mundial del reciclaje con actividades para ...;https://www.godoycruz.gob.ar/se-celebro-dia-mundial-del-reciclaje-actividades-promover-la-conciencia-ambiental/
Las actividades del Municipio por el Día Mundial del Reciclaje;https://www.godoycruz.gob.ar/las-actividades-del-municipio-dia-mundial-del-reciclaje/
Se viene Comicruz: Homenaje a la Historieta Argentina - Godoy Cruz;https://www.godoycruz.gob.ar/se-viene-comicruz-homenaje-la-historieta-argentina-3/
El 170º aniversario de Godoy Cruz se celebra a lo grande - Godoy ... del evento;https://www.godoycruz.gob.ar/170o-aniversario-godoy-cruz-se-celebra-lo-grande3/
Las Heras se prepara para vivir la tercera edición de la Feria de las ...;https://www.mendovoz.com/las-heras/2025/5/3/las-heras-se-prepara-para-vivir-la-tercera-edicion-de-la-feria-de-las-mascotas-155660.html
Costarelli sobre el discurso de Alfredo Cornejo: «sin orden ... del evento;https://www.godoycruz.gob.ar/costarelli-discurso-alfredo-cornejo-sin-orden-inversion-publica-seguridad-no-desarrollo-posible/titulo
La Orquesta Sinfónica UNCuyo ofrecerá el ciclo “Concierto para la familia”;https://www.elsol.com.ar/cultura/la-orquesta-sinfonica-uncuyo-ofrecera-el-ciclo-concierto-para-la-familia/
El politólogo Daniel Arroyo estuvo en la FCPyS - Facultad de ... del evento;https://fcp.uncuyo.edu.ar/el-politogo-daniel-arroyo-estuvo-en-la-fcpys
Pablo Picotto llega a Mendoza con su unipersonal “Tiempos modernos”;https://www.unidiversidad.com.ar/pablo-picotto-llega-a-mendoza-con-su-unipersonal-tiempos-modernos
Pablo Picotto llega a Mendoza con su unipersonal Tiempos modernos y brindará un exclusivo taller de comedia;https://www.mendoza.gov.ar/prensa/pablo-picotto-llega-a-mendoza-con-su-unipersonal-tiempos-modernos-y-brindara-un-exclusivo-taller-de-comedia/
"Pablo Picotto llega a Mendoza con ""Tiempos modernos"" y un taller ... del evento";https://www.mendovoz.com/eskpe/2025/5/5/pablo-picotto-llega-mendoza-con-tiempos-modernos-un-taller-exclusivo-de-comedia-155795.html
Jornada de Conjuntos Inmobiliarios y Propiedad Horizontal ... del evento;https://derecho.uncuyo.edu.ar/primera-jornada-nacional-de-propiedad-horizontal-y-conjuntos-inmobiliarios
Jornada de Conjuntos Inmobiliarios y Propiedad Horizontal;https://derecho.uncuyo.edu.ar/primera-jornada-nacional-de-propiedad-horizontal-y-conjuntos-inmobiliarios
El politólogo Daniel Arroyo estuvo en la FCPyS - Facultad de ... del evento;https://fcp.uncuyo.edu.ar/el-politogo-daniel-arroyo-estuvo-en-la-fcpys
"Seminario | ""Niños, niñas y adolescentes en conflicto con la ley penal""";https://derecho.uncuyo.edu.ar/seminario-ninos-ninas-y-adolescentes-en-conflicto-con-la-ley-penal
Jornada de Conjuntos Inmobiliarios y Propiedad Horizontal;https://derecho.uncuyo.edu.ar/primera-jornada-nacional-de-propiedad-horizontal-y-conjuntos-inmobiliarios
"Seminario | ""Niños, niñas y adolescentes en conflicto con la ley penal""";https://derecho.uncuyo.edu.ar/seminario-ninos-ninas-y-adolescentes-en-conflicto-con-la-ley-penal
Jornada de Conjuntos Inmobiliarios y Propiedad Horizontal ... del evento;https://derecho.uncuyo.edu.ar/primera-jornada-nacional-de-propiedad-horizontal-y-conjuntos-inmobiliarios
Seminario de Posgrado | Tutela Procesal del Consumidor - Facultad ... del evento;https://derecho.uncuyo.edu.ar/seminario-de-posgrado-tutela-procesal-del-consumidor
"Pablo Picotto llega a Mendoza con su unipersonal ""Tiempos modernos""";https://www.unidiversidad.com.ar/pablo-picotto-llega-a-mendoza-con-su-unipersonal-tiempos-modernos
El politólogo Daniel Arroyo estuvo en la FCPyS - Facultad de ... del evento;https://fcp.uncuyo.edu.ar/el-politogo-daniel-arroyo-estuvo-en-la-fcpys
Diplomatura en Pericia Caligráfica y Grafopsicológica;https://www.umaza.edu.ar/landings/diplomatura-en-pericia-caligrafica-y-grafopsicologica
"Seminario | ""Niños, niñas y adolescentes en conflicto con la ley penal""";https://derecho.uncuyo.edu.ar/seminario-ninos-ninas-y-adolescentes-en-conflicto-con-la-ley-penal
Con la participación de referentes mundiales de la especialidad, se ...;https://www.mendoza.gov.ar/prensa/con-la-participacion-de-referentes-mundiales-de-la-especialidad-se-realizara-en-mendoza-el-congreso-nacional-de-cardiologia-2025/
No se publica - Facultad de Ciencias Médicas de la UNCUYO del evento;https://fcm.uncuyo.edu.ar/no-se-publica
Con la participación de referentes mundiales de la especialidad, se ... del evento;https://www.mendoza.gov.ar/prensa/con-la-participacion-de-referentes-mundiales-de-la-especialidad-se-realizara-en-mendoza-el-congreso-nacional-de-cardiologia-2025/
No se publica - Facultad de Ciencias Médicas de la UNCUYO del evento;https://fcm.uncuyo.edu.ar/no-se-publica
IV Jornadas de Aracnología Mendoza 2025: Un encuentro para ...;https://fcen.uncuyo.edu.ar/iv-jornadas-de-aracologia-mendoza-2025-un-encuentro-para-profundizar-en-el-estudio-de-los-aracnidos
No se publica - Facultad de Ciencias Médicas de la UNCUYO del evento;https://fcm.uncuyo.edu.ar/no-se-publica
IV Jornadas de Aracnología Mendoza 2025: Un encuentro para ...;https://fcen.uncuyo.edu.ar/iv-jornadas-de-aracnologia-mendoza-2025-un-encuentro-para-profundizar-en-el-estudio-de-los-aracnidos
Con la participación de referentes mundiales de la especialidad, se ...;https://www.mendoza.gov.ar/prensa/con-la-participacion-de-referentes-mundiales-de-la-especialidad-se-realizara-en-mendoza-el-congreso-nacional-de-cardiologia-2025/
No se publica - Facultad de Ciencias Médicas de la UNCUYO del evento;https://fcm.uncuyo.edu.ar/no-se-publica
Wine Expo 2025: Comenzó la preventa de entradas para la feria de ... del evento;https://mendoza.puntoapunto.com.ar/wine-expo-2025-comenzo-la-preventa-de-entradas-para-la-feria-de-vinos-mas-convocante-de-mendoza/
Música y teatro en la agenda cultural del fin de semana del evento;https://www.elsol.com.ar/cultura/musica-y-teatro-en-la-agenda-cultural-del-fin-de-semana/
Música y teatro en la agenda cultural del fin de semana del evento;https://www.elsol.com.ar/cultura/musica-y-teatro-en-la-agenda-cultural-del-fin-de-semana/
Feria del Libro 2025 – Sitio oficial del evento;https://www.malargue.gov.ar/tag/feria-del-libro-2025/
Miles de aventuras en la nueva edición de la Feria Anual del Libro ... del evento;https://www.malargue.gov.ar/miles-de-aventuras-en-la-nueva-edicion-de-la-feria-anual-del-libro-2025/
Este sábado comienza el XXII Festival Mendoza Flamenca del evento;https://www.elsol.com.ar/cultura/este-sabado-comienza-el-xxii-festival-mendoza-flamenca/
Música y teatro en la agenda cultural del fin de semana del evento;https://www.elsol.com.ar/cultura/musica-y-teatro-en-la-agenda-cultural-del-fin-de-semana/
Este sábado, llega al Le Parc el “Swiftie Day” : Prensa Gobierno de ... del evento;https://www.mendoza.gov.ar/prensa/este-sabado-llega-al-le-parc-el-swiftie-day/
Wine Expo 2025: Comenzó la preventa de entradas para la feria de ... del evento;https://mendoza.puntoapunto.com.ar/wine-expo-2025-comenzo-la-preventa-de-entradas-para-la-feria-de-vinos-mas-convocante-de-mendoza/
Se viene un Fin de Semana Patrio a pleno en Las Heras | MendoVoz;https://www.mendovoz.com/las-heras/la-comuna/2025/5/20/se-viene-un-fin-de-semana-patrio-pleno-en-las-heras-156409.html
Comicruz - Godoy Cruz;https://www.godoycruz.gob.ar/evento/comicruz1/
Se celebró el día mundial del reciclaje con actividades para ...;https://www.godoycruz.gob.ar/se-celebro-dia-mundial-del-reciclaje-actividades-promover-la-conciencia-ambiental/
Las actividades del Municipio por el Día Mundial del Reciclaje;https://www.godoycruz.gob.ar/las-actividades-del-municipio-dia-mundial-del-reciclaje/
Se viene Comicruz: Homenaje a la Historieta Argentina - Godoy Cruz;https://www.godoycruz.gob.ar/se-viene-comicruz-homenaje-la-historieta-argentina-3/
El 170º aniversario de Godoy Cruz se celebra a lo grande - Godoy ... del evento;https://www.godoycruz.gob.ar/170o-aniversario-godoy-cruz-se-celebra-lo-grande3/
Las Heras se prepara para vivir la tercera edición de la Feria de las Mascotas;https://www.mendovoz.com/las-heras/2025/5/3/las-heras-se-prepara-para-vivir-la-tercera-edicion-de-la-feria-de-las-mascotas-155660.html
Costarelli sobre el discurso de Alfredo Cornejo: «sin orden, inversión pública y seguridad, no hay desarrollo posible»;https://www.godoycruz.gob.ar/costarelli-discurso-alfredo-cornejo-sin-orden-inversion-publica-seguridad-no-desarrollo-posible/
